{"cameraMode":{"drawMode":0,"name":"Shaded","section":"Shading Mode"},"sceneLighting":false,"audioPlay":false,"sceneViewState":{"m_AlwaysRefresh":false,"showFog":true,"showSkybox":false,"showFlares":true,"showImageEffects":true,"showParticleSystems":true,"showVisualEffectGraphs":true,"m_FxEnabled":true},"in2DMode":false,"pivot":{"x":-0.016722679138183595,"y":1.8499999046325684,"z":19.97649574279785},"rotation":{"x":-0.025248102843761445,"y":-0.6511397957801819,"z":0.021721364930272104,"w":-0.7582734227180481},"size":7.088723182678223,"orthographic":false}