{"cameraMode":{"drawMode":0,"name":"Shaded","section":"Shading Mode"},"sceneLighting":false,"audioPlay":false,"sceneViewState":{"m_AlwaysRefresh":false,"showFog":true,"showSkybox":false,"showFlares":true,"showImageEffects":true,"showParticleSystems":true,"showVisualEffectGraphs":true,"m_FxEnabled":true},"in2DMode":false,"pivot":{"x":4.861982345581055,"y":4.870954990386963,"z":0.5121689438819885},"rotation":{"x":-0.14297907054424287,"y":-0.39061468839645388,"z":0.06159122288227081,"w":-0.9073343276977539},"size":1.7320507764816285,"orthographic":false}